Absorption and Emission cross sections are only a function of host glass composition,,
Fiber used for Measurement (for data traceability purposes):,,
Fiber ID: 10-A1307-10-3B-13-01,,
Part Number: LMA-YDF-25/250-VIII,,
Yb absorption and emission Cross-Sections for Gen VIII glass,,
m,m^2,m^2
wavelength,absorption,emission
8.0000E-07,2.7000E-27,0.0000E+00
8.0020E-07,2.7000E-27,0.0000E+00
8.0040E-07,2.8000E-27,0.0000E+00
8.0060E-07,2.8000E-27,0.0000E+00
8.0080E-07,2.8000E-27,0.0000E+00
8.0100E-07,2.9000E-27,0.0000E+00
8.0120E-07,2.9000E-27,0.0000E+00
8.0140E-07,2.9000E-27,0.0000E+00
8.0160E-07,2.9000E-27,0.0000E+00
8.0180E-07,3.0000E-27,0.0000E+00
8.0200E-07,3.0000E-27,0.0000E+00
8.0220E-07,3.1000E-27,0.0000E+00
8.0240E-07,3.1000E-27,0.0000E+00
8.0260E-07,3.1000E-27,0.0000E+00
8.0280E-07,3.2000E-27,0.0000E+00
8.0300E-07,3.2000E-27,0.0000E+00
8.0320E-07,3.2000E-27,0.0000E+00
8.0340E-07,3.3000E-27,0.0000E+00
8.0360E-07,3.3000E-27,0.0000E+00
8.0380E-07,3.4000E-27,0.0000E+00
8.0400E-07,3.4000E-27,0.0000E+00
8.0420E-07,3.4000E-27,0.0000E+00
8.0440E-07,3.5000E-27,0.0000E+00
8.0460E-07,3.5000E-27,0.0000E+00
8.0480E-07,3.6000E-27,0.0000E+00
8.0500E-07,3.6000E-27,0.0000E+00
8.0520E-07,3.7000E-27,0.0000E+00
8.0540E-07,3.7000E-27,0.0000E+00
8.0560E-07,3.8000E-27,0.0000E+00
8.0580E-07,3.8000E-27,0.0000E+00
8.0600E-07,3.8000E-27,0.0000E+00
8.0620E-07,3.9000E-27,0.0000E+00
8.0640E-07,3.9000E-27,0.0000E+00
8.0660E-07,4.0000E-27,0.0000E+00
8.0680E-07,4.0000E-27,0.0000E+00
8.0700E-07,4.1000E-27,0.0000E+00
8.0720E-07,4.1000E-27,0.0000E+00
8.0740E-07,4.2000E-27,0.0000E+00
8.0760E-07,4.2000E-27,0.0000E+00
8.0780E-07,4.2000E-27,0.0000E+00
8.0800E-07,4.3000E-27,0.0000E+00
8.0820E-07,4.3000E-27,0.0000E+00
8.0840E-07,4.4000E-27,0.0000E+00
8.0860E-07,4.4000E-27,0.0000E+00
8.0880E-07,4.5000E-27,0.0000E+00
8.0900E-07,4.5000E-27,0.0000E+00
8.0920E-07,4.6000E-27,0.0000E+00
8.0940E-07,4.6000E-27,0.0000E+00
8.0960E-07,4.7000E-27,0.0000E+00
8.0980E-07,4.7000E-27,0.0000E+00
8.1000E-07,4.8000E-27,0.0000E+00
8.1020E-07,4.8000E-27,0.0000E+00
8.1040E-07,4.9000E-27,0.0000E+00
8.1060E-07,4.9000E-27,0.0000E+00
8.1080E-07,5.0000E-27,0.0000E+00
8.1100E-07,5.0000E-27,0.0000E+00
8.1120E-07,5.1000E-27,0.0000E+00
8.1140E-07,5.1000E-27,0.0000E+00
8.1160E-07,5.2000E-27,0.0000E+00
8.1180E-07,5.2000E-27,0.0000E+00
8.1200E-07,5.3000E-27,0.0000E+00
8.1220E-07,5.3000E-27,0.0000E+00
8.1240E-07,5.4000E-27,0.0000E+00
8.1260E-07,5.4000E-27,0.0000E+00
8.1280E-07,5.5000E-27,0.0000E+00
8.1300E-07,5.5000E-27,0.0000E+00
8.1320E-07,5.6000E-27,0.0000E+00
8.1340E-07,5.6000E-27,0.0000E+00
8.1360E-07,5.7000E-27,0.0000E+00
8.1380E-07,5.7000E-27,0.0000E+00
8.1400E-07,5.8000E-27,0.0000E+00
8.1420E-07,5.9000E-27,0.0000E+00
8.1440E-07,5.9000E-27,0.0000E+00
8.1460E-07,6.0000E-27,0.0000E+00
8.1480E-07,6.0000E-27,0.0000E+00
8.1500E-07,6.1000E-27,0.0000E+00
8.1520E-07,6.1000E-27,0.0000E+00
8.1540E-07,6.2000E-27,0.0000E+00
8.1560E-07,6.3000E-27,0.0000E+00
8.1580E-07,6.4000E-27,0.0000E+00
8.1600E-07,6.4000E-27,0.0000E+00
8.1620E-07,6.5000E-27,0.0000E+00
8.1640E-07,6.5000E-27,0.0000E+00
8.1660E-07,6.6000E-27,0.0000E+00
8.1680E-07,6.7000E-27,0.0000E+00
8.1700E-07,6.7000E-27,0.0000E+00
8.1720E-07,6.8000E-27,0.0000E+00
8.1740E-07,6.9000E-27,0.0000E+00
8.1760E-07,6.9000E-27,0.0000E+00
8.1780E-07,7.0000E-27,0.0000E+00
8.1800E-07,7.0000E-27,0.0000E+00
8.1820E-07,7.1000E-27,0.0000E+00
8.1840E-07,7.1000E-27,0.0000E+00
8.1860E-07,7.2000E-27,0.0000E+00
8.1880E-07,7.3000E-27,0.0000E+00
8.1900E-07,7.3000E-27,0.0000E+00
8.1920E-07,7.4000E-27,0.0000E+00
8.1940E-07,7.5000E-27,0.0000E+00
8.1960E-07,7.5000E-27,0.0000E+00
8.1980E-07,7.6000E-27,0.0000E+00
8.2000E-07,7.6000E-27,0.0000E+00
8.2020E-07,7.6000E-27,0.0000E+00
8.2040E-07,7.9000E-27,0.0000E+00
8.2060E-07,7.9000E-27,0.0000E+00
8.2080E-07,7.9000E-27,0.0000E+00
8.2100E-07,7.9000E-27,0.0000E+00
8.2120E-07,7.9000E-27,0.0000E+00
8.2140E-07,8.1000E-27,0.0000E+00
8.2160E-07,8.1000E-27,0.0000E+00
8.2180E-07,8.1000E-27,0.0000E+00
8.2200E-07,8.4000E-27,0.0000E+00
8.2220E-07,8.4000E-27,0.0000E+00
8.2240E-07,8.4000E-27,0.0000E+00
8.2260E-07,8.4000E-27,0.0000E+00
8.2280E-07,8.4000E-27,0.0000E+00
8.2300E-07,8.7000E-27,0.0000E+00
8.2320E-07,8.7000E-27,0.0000E+00
8.2340E-07,8.7000E-27,0.0000E+00
8.2360E-07,8.7000E-27,0.0000E+00
8.2380E-07,9.0000E-27,0.0000E+00
8.2400E-07,9.0000E-27,0.0000E+00
8.2420E-07,9.0000E-27,0.0000E+00
8.2440E-07,9.0000E-27,0.0000E+00
8.2460E-07,9.3000E-27,0.0000E+00
8.2480E-07,9.0000E-27,0.0000E+00
8.2500E-07,9.3000E-27,0.0000E+00
8.2520E-07,9.3000E-27,0.0000E+00
8.2540E-07,9.3000E-27,0.0000E+00
8.2560E-07,9.6000E-27,0.0000E+00
8.2580E-07,9.6000E-27,0.0000E+00
8.2600E-07,9.6000E-27,0.0000E+00
8.2620E-07,9.6000E-27,0.0000E+00
8.2640E-07,9.6000E-27,0.0000E+00
8.2660E-07,9.9000E-27,0.0000E+00
8.2680E-07,9.9000E-27,0.0000E+00
8.2700E-07,9.9000E-27,0.0000E+00
8.2720E-07,9.9000E-27,0.0000E+00
8.2740E-07,1.0200E-26,0.0000E+00
8.2760E-07,1.0200E-26,0.0000E+00
8.2780E-07,1.0200E-26,0.0000E+00
8.2800E-07,1.0500E-26,0.0000E+00
8.2820E-07,1.0200E-26,0.0000E+00
8.2840E-07,1.0500E-26,0.0000E+00
8.2860E-07,1.0500E-26,0.0000E+00
8.2880E-07,1.0500E-26,0.0000E+00
8.2900E-07,1.0500E-26,0.0000E+00
8.2920E-07,1.0800E-26,0.0000E+00
8.2940E-07,1.0800E-26,0.0000E+00
8.2960E-07,1.0800E-26,0.0000E+00
8.2980E-07,1.1100E-26,0.0000E+00
8.3000E-07,1.1100E-26,0.0000E+00
8.3020E-07,1.1100E-26,0.0000E+00
8.3040E-07,1.1100E-26,0.0000E+00
8.3060E-07,1.1100E-26,0.0000E+00
8.3080E-07,1.1300E-26,0.0000E+00
8.3100E-07,1.1300E-26,0.0000E+00
8.3120E-07,1.1600E-26,0.0000E+00
8.3140E-07,1.1600E-26,0.0000E+00
8.3160E-07,1.1600E-26,0.0000E+00
8.3180E-07,1.1600E-26,0.0000E+00
8.3200E-07,1.1600E-26,0.0000E+00
8.3220E-07,1.1600E-26,0.0000E+00
8.3240E-07,1.1900E-26,0.0000E+00
8.3260E-07,1.1900E-26,0.0000E+00
8.3280E-07,1.1900E-26,0.0000E+00
8.3300E-07,1.2200E-26,0.0000E+00
8.3320E-07,1.2200E-26,0.0000E+00
8.3340E-07,1.2200E-26,0.0000E+00
8.3360E-07,1.2200E-26,0.0000E+00
8.3380E-07,1.2500E-26,0.0000E+00
8.3400E-07,1.2500E-26,0.0000E+00
8.3420E-07,1.2500E-26,0.0000E+00
8.3440E-07,1.2800E-26,0.0000E+00
8.3460E-07,1.2800E-26,0.0000E+00
8.3480E-07,1.2800E-26,0.0000E+00
8.3500E-07,1.3100E-26,0.0000E+00
8.3520E-07,1.3100E-26,0.0000E+00
8.3540E-07,1.3100E-26,0.0000E+00
8.3560E-07,1.3400E-26,0.0000E+00
8.3580E-07,1.3400E-26,0.0000E+00
8.3600E-07,1.3400E-26,0.0000E+00
8.3620E-07,1.3700E-26,0.0000E+00
8.3640E-07,1.3700E-26,0.0000E+00
8.3660E-07,1.3700E-26,0.0000E+00
8.3680E-07,1.4000E-26,0.0000E+00
8.3700E-07,1.4000E-26,0.0000E+00
8.3720E-07,1.4300E-26,0.0000E+00
8.3740E-07,1.4300E-26,0.0000E+00
8.3760E-07,1.4300E-26,0.0000E+00
8.3780E-07,1.4500E-26,0.0000E+00
8.3800E-07,1.4500E-26,0.0000E+00
8.3820E-07,1.4800E-26,0.0000E+00
8.3840E-07,1.4800E-26,0.0000E+00
8.3860E-07,1.4800E-26,0.0000E+00
8.3880E-07,1.5100E-26,0.0000E+00
8.3900E-07,1.5100E-26,0.0000E+00
8.3920E-07,1.5400E-26,0.0000E+00
8.3940E-07,1.5400E-26,0.0000E+00
8.3960E-07,1.5700E-26,0.0000E+00
8.3980E-07,1.5700E-26,0.0000E+00
8.4000E-07,1.6000E-26,0.0000E+00
8.4020E-07,1.6000E-26,0.0000E+00
8.4040E-07,1.6000E-26,0.0000E+00
8.4060E-07,1.6300E-26,0.0000E+00
8.4080E-07,1.6300E-26,0.0000E+00
8.4100E-07,1.6600E-26,0.0000E+00
8.4120E-07,1.6600E-26,0.0000E+00
8.4140E-07,1.6900E-26,0.0000E+00
8.4160E-07,1.7200E-26,0.0000E+00
8.4180E-07,1.7200E-26,0.0000E+00
8.4200E-07,1.7200E-26,0.0000E+00
8.4220E-07,1.7400E-26,0.0000E+00
8.4240E-07,1.7700E-26,0.0000E+00
8.4260E-07,1.7700E-26,0.0000E+00
8.4280E-07,1.8000E-26,0.0000E+00
8.4300E-07,1.8000E-26,0.0000E+00
8.4320E-07,1.8300E-26,0.0000E+00
8.4340E-07,1.8600E-26,0.0000E+00
8.4360E-07,1.8900E-26,0.0000E+00
8.4380E-07,1.8900E-26,0.0000E+00
8.4400E-07,1.8900E-26,0.0000E+00
8.4420E-07,1.9200E-26,0.0000E+00
8.4440E-07,1.9500E-26,0.0000E+00
8.4460E-07,1.9500E-26,0.0000E+00
8.4480E-07,1.9800E-26,0.0000E+00
8.4500E-07,2.0100E-26,0.0000E+00
8.4520E-07,2.0400E-26,0.0000E+00
8.4540E-07,2.0400E-26,0.0000E+00
8.4560E-07,2.0600E-26,0.0000E+00
8.4580E-07,2.0900E-26,0.0000E+00
8.4600E-07,2.0900E-26,0.0000E+00
8.4620E-07,2.1200E-26,0.0000E+00
8.4640E-07,2.1500E-26,0.0000E+00
8.4660E-07,2.1800E-26,0.0000E+00
8.4680E-07,2.2100E-26,0.0000E+00
8.4700E-07,2.2100E-26,0.0000E+00
8.4720E-07,2.2400E-26,0.0000E+00
8.4740E-07,2.2700E-26,0.0000E+00
8.4760E-07,2.3000E-26,0.0000E+00
8.4780E-07,2.3300E-26,0.0000E+00
8.4800E-07,2.3600E-26,0.0000E+00
8.4820E-07,2.3800E-26,0.0000E+00
8.4840E-07,2.3800E-26,0.0000E+00
8.4860E-07,2.4100E-26,0.0000E+00
8.4880E-07,2.4400E-26,0.0000E+00
8.4900E-07,2.4700E-26,0.0000E+00
8.4920E-07,2.5000E-26,0.0000E+00
8.4940E-07,2.5300E-26,0.0000E+00
8.4960E-07,2.5600E-26,0.0000E+00
8.4980E-07,2.5900E-26,0.0000E+00
8.5000E-07,2.6500E-26,0.0000E+00
8.5020E-07,2.6500E-26,0.0000E+00
8.5040E-07,2.7000E-26,0.0000E+00
8.5060E-07,2.7300E-26,0.0000E+00
8.5080E-07,2.7600E-26,0.0000E+00
8.5100E-07,2.7900E-26,0.0000E+00
8.5120E-07,2.7900E-26,0.0000E+00
8.5140E-07,2.8500E-26,0.0000E+00
8.5160E-07,2.8800E-26,0.0000E+00
8.5180E-07,2.9100E-26,0.0000E+00
8.5200E-07,2.9700E-26,0.0000E+00
8.5220E-07,3.0000E-26,0.0000E+00
8.5240E-07,3.0200E-26,0.0000E+00
8.5260E-07,3.0500E-26,0.0000E+00
8.5280E-07,3.1100E-26,0.0000E+00
8.5300E-07,3.1400E-26,0.0000E+00
8.5320E-07,3.1700E-26,0.0000E+00
8.5340E-07,3.2300E-26,0.0000E+00
8.5360E-07,3.2600E-26,0.0000E+00
8.5380E-07,3.2900E-26,0.0000E+00
8.5400E-07,3.3400E-26,0.0000E+00
8.5420E-07,3.3700E-26,0.0000E+00
8.5440E-07,3.4000E-26,0.0000E+00
8.5460E-07,3.4600E-26,0.0000E+00
8.5480E-07,3.4900E-26,0.0000E+00
8.5500E-07,3.5500E-26,0.0000E+00
8.5520E-07,3.6100E-26,0.0000E+00
8.5540E-07,3.6400E-26,0.0000E+00
8.5560E-07,3.6900E-26,0.0000E+00
8.5580E-07,3.7200E-26,0.0000E+00
8.5600E-07,3.7800E-26,0.0000E+00
8.5620E-07,3.8400E-26,0.0000E+00
8.5640E-07,3.8700E-26,0.0000E+00
8.5660E-07,3.9300E-26,0.0000E+00
8.5680E-07,3.9600E-26,0.0000E+00
8.5700E-07,4.0100E-26,0.0000E+00
8.5720E-07,4.0700E-26,0.0000E+00
8.5740E-07,4.1300E-26,0.0000E+00
8.5760E-07,4.1900E-26,0.0000E+00
8.5780E-07,4.2500E-26,0.0000E+00
8.5800E-07,4.2800E-26,0.0000E+00
8.5820E-07,4.3300E-26,0.0000E+00
8.5840E-07,4.3900E-26,0.0000E+00
8.5860E-07,4.4500E-26,0.0000E+00
8.5880E-07,4.5100E-26,0.0000E+00
8.5900E-07,4.5700E-26,0.0000E+00
8.5920E-07,4.6200E-26,0.0000E+00
8.5940E-07,4.6800E-26,0.0000E+00
8.5960E-07,4.7400E-26,1.0000E-28
8.5980E-07,4.8300E-26,1.0000E-28
8.6000E-07,4.8900E-26,1.0000E-28
8.6020E-07,5.0300E-26,1.0000E-28
8.6040E-07,5.0600E-26,1.0000E-28
8.6060E-07,5.1200E-26,1.0000E-28
8.6080E-07,5.1900E-26,1.0000E-28
8.6100E-07,5.1900E-26,1.0000E-28
8.6120E-07,5.3000E-26,1.0000E-28
8.6140E-07,5.3400E-26,1.0000E-28
8.6160E-07,5.3900E-26,1.0000E-28
8.6180E-07,5.5000E-26,1.0000E-28
8.6200E-07,5.6100E-26,1.0000E-28
8.6220E-07,5.6300E-26,1.0000E-28
8.6240E-07,5.7100E-26,1.0000E-28
8.6260E-07,5.7900E-26,1.0000E-28
8.6280E-07,5.8800E-26,1.0000E-28
8.6300E-07,5.9700E-26,1.0000E-28
8.6320E-07,6.0700E-26,1.0000E-28
8.6340E-07,6.1400E-26,1.0000E-28
8.6360E-07,6.2200E-26,1.0000E-28
8.6380E-07,6.3000E-26,1.0000E-28
8.6400E-07,6.4400E-26,1.0000E-28
8.6420E-07,6.4700E-26,1.0000E-28
8.6440E-07,6.5600E-26,1.0000E-28
8.6460E-07,6.7100E-26,1.0000E-28
8.6480E-07,6.7800E-26,1.0000E-28
8.6500E-07,6.9100E-26,1.0000E-28
8.6520E-07,6.9700E-26,1.0000E-28
8.6540E-07,7.0200E-26,1.0000E-28
8.6560E-07,7.1000E-26,1.0000E-28
8.6580E-07,7.2800E-26,1.0000E-28
8.6600E-07,7.3100E-26,1.0000E-28
8.6620E-07,7.4200E-26,1.0000E-28
8.6640E-07,7.5400E-26,1.0000E-28
8.6660E-07,7.7300E-26,1.0000E-28
8.6680E-07,7.7000E-26,1.0000E-28
8.6700E-07,7.8500E-26,1.0000E-28
8.6720E-07,7.8600E-26,1.0000E-28
8.6740E-07,8.0100E-26,1.0000E-28
8.6760E-07,8.2100E-26,1.0000E-28
8.6780E-07,8.2600E-26,2.0000E-28
8.6800E-07,8.3600E-26,2.0000E-28
8.6820E-07,8.4700E-26,2.0000E-28
8.6840E-07,8.6500E-26,2.0000E-28
8.6860E-07,8.7800E-26,2.0000E-28
8.6880E-07,8.8600E-26,2.0000E-28
8.6900E-07,9.0600E-26,2.0000E-28
8.6920E-07,9.1500E-26,2.0000E-28
8.6940E-07,9.2200E-26,2.0000E-28
8.6960E-07,9.4500E-26,2.0000E-28
8.6980E-07,9.5600E-26,2.0000E-28
8.7000E-07,9.6000E-26,2.0000E-28
8.7020E-07,9.7400E-26,2.0000E-28
8.7040E-07,9.8600E-26,2.0000E-28
8.7060E-07,9.9100E-26,2.0000E-28
8.7080E-07,1.0160E-25,2.0000E-28
8.7100E-07,1.0210E-25,2.0000E-28
8.7120E-07,1.0430E-25,2.0000E-28
8.7140E-07,1.0470E-25,2.0000E-28
8.7160E-07,1.0700E-25,2.0000E-28
8.7180E-07,1.0790E-25,3.0000E-28
8.7200E-07,1.0870E-25,3.0000E-28
8.7220E-07,1.1050E-25,3.0000E-28
8.7240E-07,1.1230E-25,3.0000E-28
8.7260E-07,1.1370E-25,3.0000E-28
8.7280E-07,1.1510E-25,3.0000E-28
8.7300E-07,1.1640E-25,3.0000E-28
8.7320E-07,1.1880E-25,3.0000E-28
8.7340E-07,1.2010E-25,3.0000E-28
8.7360E-07,1.2060E-25,3.0000E-28
8.7380E-07,1.2260E-25,3.0000E-28
8.7400E-07,1.2410E-25,3.0000E-28
8.7420E-07,1.2530E-25,3.0000E-28
8.7440E-07,1.2690E-25,4.0000E-28
8.7460E-07,1.2900E-25,4.0000E-28
8.7480E-07,1.3000E-25,4.0000E-28
8.7500E-07,1.3170E-25,4.0000E-28
8.7520E-07,1.3330E-25,4.0000E-28
8.7540E-07,1.3480E-25,4.0000E-28
8.7560E-07,1.3710E-25,4.0000E-28
8.7580E-07,1.3910E-25,4.0000E-28
8.7600E-07,1.4060E-25,4.0000E-28
8.7620E-07,1.4260E-25,4.0000E-28
8.7640E-07,1.4370E-25,5.0000E-28
8.7660E-07,1.4520E-25,5.0000E-28
8.7680E-07,1.4710E-25,5.0000E-28
8.7700E-07,1.4890E-25,5.0000E-28
8.7720E-07,1.5240E-25,5.0000E-28
8.7740E-07,1.5310E-25,5.0000E-28
8.7760E-07,1.5490E-25,5.0000E-28
8.7780E-07,1.5670E-25,5.0000E-28
8.7800E-07,1.5940E-25,6.0000E-28
8.7820E-07,1.6090E-25,6.0000E-28
8.7840E-07,1.6290E-25,6.0000E-28
8.7860E-07,1.6450E-25,6.0000E-28
8.7880E-07,1.6650E-25,6.0000E-28
8.7900E-07,1.6900E-25,6.0000E-28
8.7920E-07,1.6890E-25,6.0000E-28
8.7940E-07,1.7180E-25,7.0000E-28
8.7960E-07,1.7300E-25,7.0000E-28
8.7980E-07,1.7540E-25,7.0000E-28
8.8000E-07,1.7730E-25,7.0000E-28
8.8020E-07,1.7840E-25,7.0000E-28
8.8040E-07,1.8080E-25,7.0000E-28
8.8060E-07,1.8180E-25,8.0000E-28
8.8080E-07,1.8380E-25,8.0000E-28
8.8100E-07,1.8620E-25,8.0000E-28
8.8120E-07,1.8820E-25,8.0000E-28
8.8140E-07,1.9000E-25,8.0000E-28
8.8160E-07,1.9180E-25,8.0000E-28
8.8180E-07,1.9360E-25,9.0000E-28
8.8200E-07,1.9490E-25,9.0000E-28
8.8220E-07,1.9790E-25,9.0000E-28
8.8240E-07,2.0060E-25,9.0000E-28
8.8260E-07,2.0220E-25,1.0000E-27
8.8280E-07,2.0380E-25,1.0000E-27
8.8300E-07,2.0500E-25,1.0000E-27
8.8320E-07,2.0680E-25,1.0000E-27
8.8340E-07,2.0950E-25,1.0000E-27
8.8360E-07,2.1180E-25,1.1000E-27
8.8380E-07,2.1310E-25,1.1000E-27
8.8400E-07,2.1520E-25,1.1000E-27
8.8420E-07,2.1730E-25,1.1000E-27
8.8440E-07,2.1920E-25,1.2000E-27
8.8460E-07,2.2160E-25,1.2000E-27
8.8480E-07,2.2370E-25,1.2000E-27
8.8500E-07,2.2620E-25,1.2000E-27
8.8520E-07,2.2790E-25,1.3000E-27
8.8540E-07,2.3140E-25,1.3000E-27
8.8560E-07,2.3400E-25,1.3000E-27
8.8580E-07,2.3490E-25,1.4000E-27
8.8600E-07,2.3820E-25,1.4000E-27
8.8620E-07,2.3820E-25,1.4000E-27
8.8640E-07,2.4160E-25,1.4000E-27
8.8660E-07,2.4390E-25,1.5000E-27
8.8680E-07,2.4910E-25,1.5000E-27
8.8700E-07,2.5260E-25,1.6000E-27
8.8720E-07,2.5610E-25,1.6000E-27
8.8740E-07,2.5610E-25,1.6000E-27
8.8760E-07,2.6100E-25,1.7000E-27
8.8780E-07,2.6280E-25,1.7000E-27
8.8800E-07,2.6280E-25,1.7000E-27
8.8820E-07,2.6800E-25,1.8000E-27
8.8840E-07,2.6630E-25,1.8000E-27
8.8860E-07,2.7150E-25,1.9000E-27
8.8880E-07,2.7330E-25,1.9000E-27
8.8900E-07,2.7680E-25,1.9000E-27
8.8920E-07,2.8020E-25,2.0000E-27
8.8940E-07,2.8170E-25,2.0000E-27
8.8960E-07,2.8340E-25,2.1000E-27
8.8980E-07,2.8690E-25,2.1000E-27
8.9000E-07,2.8870E-25,2.2000E-27
8.9020E-07,2.9220E-25,2.2000E-27
8.9040E-07,2.9220E-25,2.2000E-27
8.9060E-07,2.9570E-25,2.3000E-27
8.9080E-07,2.9910E-25,2.4000E-27
8.9100E-07,2.9910E-25,2.4000E-27
8.9120E-07,3.0260E-25,2.4000E-27
8.9140E-07,3.0580E-25,2.5000E-27
8.9160E-07,3.0760E-25,2.5000E-27
8.9180E-07,3.0930E-25,2.6000E-27
8.9200E-07,3.1280E-25,2.6000E-27
8.9220E-07,3.1460E-25,2.7000E-27
8.9240E-07,3.1800E-25,2.8000E-27
8.9260E-07,3.2150E-25,2.8000E-27
8.9280E-07,3.2330E-25,2.9000E-27
8.9300E-07,3.2650E-25,2.9000E-27
8.9320E-07,3.3000E-25,3.0000E-27
8.9340E-07,3.3350E-25,3.1000E-27
8.9360E-07,3.3700E-25,3.2000E-27
8.9380E-07,3.3700E-25,3.2000E-27
8.9400E-07,3.4040E-25,3.3000E-27
8.9420E-07,3.4220E-25,3.3000E-27
8.9440E-07,3.4540E-25,3.4000E-27
8.9460E-07,3.4890E-25,3.5000E-27
8.9480E-07,3.5060E-25,3.5000E-27
8.9500E-07,3.5240E-25,3.6000E-27
8.9520E-07,3.5590E-25,3.7000E-27
8.9540E-07,3.5930E-25,3.8000E-27
8.9560E-07,3.6280E-25,3.8000E-27
8.9580E-07,3.6600E-25,3.9000E-27
8.9600E-07,3.6950E-25,4.0000E-27
8.9620E-07,3.7130E-25,4.1000E-27
8.9640E-07,3.7480E-25,4.2000E-27
8.9660E-07,3.8000E-25,4.3000E-27
8.9680E-07,3.8170E-25,4.3000E-27
8.9700E-07,3.8350E-25,4.4000E-27
8.9720E-07,3.8840E-25,4.5000E-27
8.9740E-07,3.8840E-25,4.6000E-27
8.9760E-07,3.9370E-25,4.7000E-27
8.9780E-07,3.9540E-25,4.8000E-27
8.9800E-07,3.9540E-25,4.8000E-27
8.9820E-07,4.0060E-25,5.0000E-27
8.9840E-07,4.0410E-25,5.1000E-27
8.9860E-07,4.0590E-25,5.2000E-27
8.9880E-07,4.1080E-25,5.3000E-27
8.9900E-07,4.1260E-25,5.4000E-27
8.9920E-07,4.1610E-25,5.5000E-27
8.9940E-07,4.1950E-25,5.6000E-27
8.9960E-07,4.2300E-25,5.7000E-27
8.9980E-07,4.2480E-25,5.8000E-27
9.0000E-07,4.2800E-25,5.9000E-27
9.0020E-07,4.3150E-25,6.0000E-27
9.0040E-07,4.3150E-25,6.1000E-27
9.0060E-07,4.3500E-25,6.2000E-27
9.0080E-07,4.3840E-25,6.4000E-27
9.0100E-07,4.4020E-25,6.5000E-27
9.0120E-07,4.4190E-25,6.6000E-27
9.0140E-07,4.4540E-25,6.7000E-27
9.0160E-07,4.4720E-25,6.8000E-27
9.0180E-07,4.5040E-25,6.9000E-27
9.0200E-07,4.5390E-25,7.1000E-27
9.0220E-07,4.5560E-25,7.2000E-27
9.0240E-07,4.5910E-25,7.3000E-27
9.0260E-07,4.6260E-25,7.5000E-27
9.0280E-07,4.6430E-25,7.6000E-27
9.0300E-07,4.6610E-25,7.7000E-27
9.0320E-07,4.6780E-25,7.8000E-27
9.0340E-07,4.7100E-25,8.0000E-27
9.0360E-07,4.7630E-25,8.2000E-27
9.0380E-07,4.7630E-25,8.3000E-27
9.0400E-07,4.7970E-25,8.4000E-27
9.0420E-07,4.8320E-25,8.6000E-27
9.0440E-07,4.8320E-25,8.7000E-27
9.0460E-07,4.8670E-25,8.9000E-27
9.0480E-07,4.8850E-25,9.0000E-27
9.0500E-07,4.8990E-25,9.2000E-27
9.0520E-07,4.9340E-25,9.3000E-27
9.0540E-07,4.9340E-25,9.4000E-27
9.0560E-07,4.9520E-25,9.6000E-27
9.0580E-07,4.9860E-25,9.8000E-27
9.0600E-07,5.0040E-25,9.9000E-27
9.0620E-07,5.0390E-25,1.0100E-26
9.0640E-07,5.0560E-25,1.0300E-26
9.0660E-07,5.0910E-25,1.0500E-26
9.0680E-07,5.1060E-25,1.0600E-26
9.0700E-07,5.1230E-25,1.0800E-26
9.0720E-07,5.1410E-25,1.1000E-26
9.0740E-07,5.1580E-25,1.1100E-26
9.0760E-07,5.1750E-25,1.1300E-26
9.0780E-07,5.2100E-25,1.1500E-26
9.0800E-07,5.2280E-25,1.1700E-26
9.0820E-07,5.2630E-25,1.1900E-26
9.0840E-07,5.2630E-25,1.2100E-26
9.0860E-07,5.3120E-25,1.2300E-26
9.0880E-07,5.2800E-25,1.2400E-26
9.0900E-07,5.3470E-25,1.2700E-26
9.0920E-07,5.3470E-25,1.2800E-26
9.0940E-07,5.3650E-25,1.3000E-26
9.0960E-07,5.3820E-25,1.3200E-26
9.0980E-07,5.3990E-25,1.3400E-26
9.1000E-07,5.4340E-25,1.3700E-26
9.1020E-07,5.4340E-25,1.3800E-26
9.1040E-07,5.4520E-25,1.4100E-26
9.1060E-07,5.4690E-25,1.4300E-26
9.1080E-07,5.4870E-25,1.4500E-26
9.1100E-07,5.4870E-25,1.4700E-26
9.1120E-07,5.5040E-25,1.4900E-26
9.1140E-07,5.5190E-25,1.5100E-26
9.1160E-07,5.5360E-25,1.5300E-26
9.1180E-07,5.5360E-25,1.5500E-26
9.1200E-07,5.5710E-25,1.5800E-26
9.1220E-07,5.5540E-25,1.5900E-26
9.1240E-07,5.5880E-25,1.6200E-26
9.1260E-07,5.5880E-25,1.6400E-26
9.1280E-07,5.6060E-25,1.6700E-26
9.1300E-07,5.6060E-25,1.6900E-26
9.1320E-07,5.6230E-25,1.7100E-26
9.1340E-07,5.6410E-25,1.7400E-26
9.1360E-07,5.6230E-25,1.7500E-26
9.1380E-07,5.6580E-25,1.7800E-26
9.1400E-07,5.6760E-25,1.8100E-26
9.1420E-07,5.6760E-25,1.8300E-26
9.1440E-07,5.6760E-25,1.8500E-26
9.1460E-07,5.6760E-25,1.8800E-26
9.1480E-07,5.6930E-25,1.9000E-26
9.1500E-07,5.6930E-25,1.9300E-26
9.1520E-07,5.7110E-25,1.9500E-26
9.1540E-07,5.7110E-25,1.9800E-26
9.1560E-07,5.7250E-25,2.0100E-26
9.1580E-07,5.7250E-25,2.0300E-26
9.1600E-07,5.7250E-25,2.0500E-26
9.1620E-07,5.7430E-25,2.0800E-26
9.1640E-07,5.7600E-25,2.1100E-26
9.1660E-07,5.7600E-25,2.1400E-26
9.1680E-07,5.7600E-25,2.1600E-26
9.1700E-07,5.7600E-25,2.1900E-26
9.1720E-07,5.7600E-25,2.2200E-26
9.1740E-07,5.7600E-25,2.2400E-26
9.1760E-07,5.7250E-25,2.2500E-26
9.1780E-07,5.7430E-25,2.2900E-26
9.1800E-07,5.7430E-25,2.3100E-26
9.1820E-07,5.7430E-25,2.3400E-26
9.1840E-07,5.7430E-25,2.3700E-26
9.1860E-07,5.7430E-25,2.4000E-26
9.1880E-07,5.7430E-25,2.4300E-26
9.1900E-07,5.7250E-25,2.4500E-26
9.1920E-07,5.7250E-25,2.4700E-26
9.1940E-07,5.7250E-25,2.5000E-26
9.1960E-07,5.7250E-25,2.5300E-26
9.1980E-07,5.7250E-25,2.5600E-26
9.2000E-07,5.7110E-25,2.5900E-26
9.2020E-07,5.7110E-25,2.6200E-26
9.2040E-07,5.6930E-25,2.6400E-26
9.2060E-07,5.7110E-25,2.6800E-26
9.2080E-07,5.7110E-25,2.7100E-26
9.2100E-07,5.6930E-25,2.7300E-26
9.2120E-07,5.6930E-25,2.7600E-26
9.2140E-07,5.6580E-25,2.7800E-26
9.2160E-07,5.6580E-25,2.8100E-26
9.2180E-07,5.6410E-25,2.8400E-26
9.2200E-07,5.6760E-25,2.8900E-26
9.2220E-07,5.6580E-25,2.9100E-26
9.2240E-07,5.6410E-25,2.9400E-26
9.2260E-07,5.6230E-25,2.9600E-26
9.2280E-07,5.6230E-25,2.9900E-26
9.2300E-07,5.6060E-25,3.0200E-26
9.2320E-07,5.5880E-25,3.0500E-26
9.2340E-07,5.5880E-25,3.0800E-26
9.2360E-07,5.5710E-25,3.1100E-26
9.2380E-07,5.5880E-25,3.1500E-26
9.2400E-07,5.5710E-25,3.1800E-26
9.2420E-07,5.5360E-25,3.2000E-26
9.2440E-07,5.5360E-25,3.2300E-26
9.2460E-07,5.5190E-25,3.2600E-26
9.2480E-07,5.5190E-25,3.3000E-26
9.2500E-07,5.5190E-25,3.3400E-26
9.2520E-07,5.5040E-25,3.3600E-26
9.2540E-07,5.5040E-25,3.4000E-26
9.2560E-07,5.4690E-25,3.4200E-26
9.2580E-07,5.4340E-25,3.4400E-26
9.2600E-07,5.4340E-25,3.4800E-26
9.2620E-07,5.4170E-25,3.5100E-26
9.2640E-07,5.3990E-25,3.5400E-26
9.2660E-07,5.4170E-25,3.5900E-26
9.2680E-07,5.3990E-25,3.6200E-26
9.2700E-07,5.3820E-25,3.6500E-26
9.2720E-07,5.3650E-25,3.6800E-26
9.2740E-07,5.3300E-25,3.7000E-26
9.2760E-07,5.3120E-25,3.7300E-26
9.2780E-07,5.3120E-25,3.7700E-26
9.2800E-07,5.3120E-25,3.8100E-26
9.2820E-07,5.3120E-25,3.8600E-26
9.2840E-07,5.2980E-25,3.8900E-26
9.2860E-07,5.2630E-25,3.9100E-26
9.2880E-07,5.2100E-25,3.9100E-26
9.2900E-07,5.2100E-25,3.9600E-26
9.2920E-07,5.1580E-25,3.9600E-26
9.2940E-07,5.1750E-25,4.0200E-26
9.2960E-07,5.1930E-25,4.0800E-26
9.2980E-07,5.1750E-25,4.1100E-26
9.3000E-07,5.1580E-25,4.1500E-26
9.3020E-07,5.1580E-25,4.1900E-26
9.3040E-07,5.1230E-25,4.2100E-26
9.3060E-07,5.0910E-25,4.2400E-26
9.3080E-07,5.0910E-25,4.2800E-26
9.3100E-07,5.0740E-25,4.3200E-26
9.3120E-07,5.0560E-25,4.3500E-26
9.3140E-07,5.0740E-25,4.4200E-26
9.3160E-07,5.0390E-25,4.4400E-26
9.3180E-07,5.0210E-25,4.4700E-26
9.3200E-07,5.0040E-25,4.5100E-26
9.3220E-07,4.9690E-25,4.5300E-26
9.3240E-07,4.9520E-25,4.5600E-26
9.3260E-07,4.9340E-25,4.6000E-26
9.3280E-07,4.9340E-25,4.6500E-26
9.3300E-07,4.9170E-25,4.6900E-26
9.3320E-07,4.8990E-25,4.7200E-26
9.3340E-07,4.8850E-25,4.7600E-26
9.3360E-07,4.8670E-25,4.8000E-26
9.3380E-07,4.8500E-25,4.8300E-26
9.3400E-07,4.8150E-25,4.8500E-26
9.3420E-07,4.8150E-25,4.9100E-26
9.3440E-07,4.7800E-25,4.9300E-26
9.3460E-07,4.7800E-25,4.9800E-26
9.3480E-07,4.7630E-25,5.0200E-26
9.3500E-07,4.7280E-25,5.0400E-26
9.3520E-07,4.7100E-25,5.0800E-26
9.3540E-07,4.6780E-25,5.1000E-26
9.3560E-07,4.6610E-25,5.1400E-26
9.3580E-07,4.6430E-25,5.1800E-26
9.3600E-07,4.6260E-25,5.2200E-26
9.3620E-07,4.6080E-25,5.2600E-26
9.3640E-07,4.5910E-25,5.3000E-26
9.3660E-07,4.5560E-25,5.3200E-26
9.3680E-07,4.5210E-25,5.3300E-26
9.3700E-07,4.5210E-25,5.3900E-26
9.3720E-07,4.4860E-25,5.4100E-26
9.3740E-07,4.4860E-25,5.4700E-26
9.3760E-07,4.4540E-25,5.5000E-26
9.3780E-07,4.4370E-25,5.5400E-26
9.3800E-07,4.4370E-25,5.6000E-26
9.3820E-07,4.4020E-25,5.6200E-26
9.3840E-07,4.3840E-25,5.6600E-26
9.3860E-07,4.3670E-25,5.7000E-26
9.3880E-07,4.3500E-25,5.7400E-26
9.3900E-07,4.3320E-25,5.7800E-26
9.3920E-07,4.2970E-25,5.8000E-26
9.3940E-07,4.2800E-25,5.8400E-26
9.3960E-07,4.2480E-25,5.8600E-26
9.3980E-07,4.2300E-25,5.9000E-26
9.4000E-07,4.1950E-25,5.9200E-26
9.4020E-07,4.1780E-25,5.9600E-26
9.4040E-07,4.1780E-25,6.0300E-26
9.4060E-07,4.1610E-25,6.0700E-26
9.4080E-07,4.1430E-25,6.1100E-26
9.4100E-07,4.1080E-25,6.1300E-26
9.4120E-07,4.0910E-25,6.1700E-26
9.4140E-07,4.0590E-25,6.1900E-26
9.4160E-07,4.0410E-25,6.2300E-26
9.4180E-07,4.0060E-25,6.2400E-26
9.4200E-07,3.9890E-25,6.2900E-26
9.4220E-07,3.9540E-25,6.3000E-26
9.4240E-07,3.9370E-25,6.3400E-26
9.4260E-07,3.9020E-25,6.3600E-26
9.4280E-07,3.8840E-25,6.4000E-26
9.4300E-07,3.8670E-25,6.4400E-26
9.4320E-07,3.8350E-25,6.4600E-26
9.4340E-07,3.8000E-25,6.4700E-26
9.4360E-07,3.7820E-25,6.5100E-26
9.4380E-07,3.7480E-25,6.5200E-26
9.4400E-07,3.7300E-25,6.5700E-26
9.4420E-07,3.6950E-25,6.5800E-26
9.4440E-07,3.6780E-25,6.6200E-26
9.4460E-07,3.6600E-25,6.6600E-26
9.4480E-07,3.6460E-25,6.7100E-26
9.4500E-07,3.6460E-25,6.7800E-26
9.4520E-07,3.6280E-25,6.8200E-26
9.4540E-07,3.5760E-25,6.8000E-26
9.4560E-07,3.5590E-25,6.8400E-26
9.4580E-07,3.5240E-25,6.8500E-26
9.4600E-07,3.5240E-25,6.9200E-26
9.4620E-07,3.4890E-25,6.9300E-26
9.4640E-07,3.4890E-25,7.0100E-26
9.4660E-07,3.4710E-25,7.0500E-26
9.4680E-07,3.4540E-25,7.0900E-26
9.4700E-07,3.4390E-25,7.1400E-26
9.4720E-07,3.4220E-25,7.1800E-26
9.4740E-07,3.4040E-25,7.2200E-26
9.4760E-07,3.3700E-25,7.2300E-26
9.4780E-07,3.3520E-25,7.2700E-26
9.4800E-07,3.3170E-25,7.2700E-26
9.4820E-07,3.3170E-25,7.3500E-26
9.4840E-07,3.3000E-25,7.3900E-26
9.4860E-07,3.2820E-25,7.4400E-26
9.4880E-07,3.2650E-25,7.4800E-26
9.4900E-07,3.2650E-25,7.5600E-26
9.4920E-07,3.2650E-25,7.6400E-26
9.4940E-07,3.2330E-25,7.6500E-26
9.4960E-07,3.2150E-25,7.6900E-26
9.4980E-07,3.1980E-25,7.7300E-26
9.5000E-07,3.1980E-25,7.8200E-26
9.5020E-07,3.1800E-25,7.8600E-26
9.5040E-07,3.1630E-25,7.9000E-26
9.5060E-07,3.1630E-25,7.9900E-26
9.5080E-07,3.1630E-25,8.0800E-26
9.5100E-07,3.1460E-25,8.1200E-26
9.5120E-07,3.1460E-25,8.2100E-26
9.5140E-07,3.1460E-25,8.3000E-26
9.5160E-07,3.1460E-25,8.3900E-26
9.5180E-07,3.1280E-25,8.4300E-26
9.5200E-07,3.1280E-25,8.5300E-26
9.5220E-07,3.0930E-25,8.5200E-26
9.5240E-07,3.0930E-25,8.6200E-26
9.5260E-07,3.1110E-25,8.7600E-26
9.5280E-07,3.1110E-25,8.8500E-26
9.5300E-07,3.1280E-25,9.0000E-26
9.5320E-07,3.1280E-25,9.1000E-26
9.5340E-07,3.1110E-25,9.1500E-26
9.5360E-07,3.1110E-25,9.2500E-26
9.5380E-07,3.0930E-25,9.2900E-26
9.5400E-07,3.0930E-25,9.3900E-26
9.5420E-07,3.0930E-25,9.5000E-26
9.5440E-07,3.0930E-25,9.6000E-26
9.5460E-07,3.0930E-25,9.7000E-26
9.5480E-07,3.0930E-25,9.8100E-26
9.5500E-07,3.0930E-25,9.9100E-26
9.5520E-07,3.1110E-25,1.0080E-25
9.5540E-07,3.1110E-25,1.0190E-25
9.5560E-07,3.1280E-25,1.0360E-25
9.5580E-07,3.1280E-25,1.0470E-25
9.5600E-07,3.1280E-25,1.0580E-25
9.5620E-07,3.1460E-25,1.0750E-25
9.5640E-07,3.1280E-25,1.0810E-25
9.5660E-07,3.1280E-25,1.0930E-25
9.5680E-07,3.1280E-25,1.1050E-25
9.5700E-07,3.1460E-25,1.1230E-25
9.5720E-07,3.1460E-25,1.1350E-25
9.5740E-07,3.1630E-25,1.1530E-25
9.5760E-07,3.1800E-25,1.1720E-25
9.5780E-07,3.1800E-25,1.1850E-25
9.5800E-07,3.1800E-25,1.1980E-25
9.5820E-07,3.1980E-25,1.2170E-25
9.5840E-07,3.1980E-25,1.2300E-25
9.5860E-07,3.2150E-25,1.2500E-25
9.5880E-07,3.2150E-25,1.2640E-25
9.5900E-07,3.2150E-25,1.2770E-25
9.5920E-07,3.2330E-25,1.2980E-25
9.5940E-07,3.2470E-25,1.3180E-25
9.5960E-07,3.2470E-25,1.3320E-25
9.5980E-07,3.2470E-25,1.3460E-25
9.6000E-07,3.2470E-25,1.3610E-25
9.6020E-07,3.2650E-25,1.3830E-25
9.6040E-07,3.2650E-25,1.3970E-25
9.6060E-07,3.2820E-25,1.4200E-25
9.6080E-07,3.3000E-25,1.4430E-25
9.6100E-07,3.3000E-25,1.4580E-25
9.6120E-07,3.3170E-25,1.4820E-25
9.6140E-07,3.3170E-25,1.4970E-25
9.6160E-07,3.3350E-25,1.5210E-25
9.6180E-07,3.3170E-25,1.5300E-25
9.6200E-07,3.3350E-25,1.5540E-25
9.6220E-07,3.3350E-25,1.5710E-25
9.6240E-07,3.3520E-25,1.5960E-25
9.6260E-07,3.3700E-25,1.6210E-25
9.6280E-07,3.3870E-25,1.6470E-25
9.6300E-07,3.3870E-25,1.6640E-25
9.6320E-07,3.3870E-25,1.6820E-25
9.6340E-07,3.4040E-25,1.7090E-25
9.6360E-07,3.4220E-25,1.7360E-25
9.6380E-07,3.4390E-25,1.7630E-25
9.6400E-07,3.4540E-25,1.7900E-25
9.6420E-07,3.4710E-25,1.8180E-25
9.6440E-07,3.4890E-25,1.8460E-25
9.6460E-07,3.4890E-25,1.8660E-25
9.6480E-07,3.5060E-25,1.8950E-25
9.6500E-07,3.5240E-25,1.9250E-25
9.6520E-07,3.5410E-25,1.9550E-25
9.6540E-07,3.5410E-25,1.9760E-25
9.6560E-07,3.5590E-25,2.0060E-25
9.6580E-07,3.5760E-25,2.0370E-25
9.6600E-07,3.5930E-25,2.0690E-25
9.6620E-07,3.6110E-25,2.1010E-25
9.6640E-07,3.6280E-25,2.1340E-25
9.6660E-07,3.6600E-25,2.1750E-25
9.6680E-07,3.6600E-25,2.1980E-25
9.6700E-07,3.6780E-25,2.2320E-25
9.6720E-07,3.6780E-25,2.2560E-25
9.6740E-07,3.7130E-25,2.3010E-25
9.6760E-07,3.7480E-25,2.3470E-25
9.6780E-07,3.7820E-25,2.3940E-25
9.6800E-07,3.8350E-25,2.4530E-25
9.6820E-07,3.8670E-25,2.4990E-25
9.6840E-07,3.9190E-25,2.5600E-25
9.6860E-07,3.9540E-25,2.6100E-25
9.6880E-07,4.0240E-25,2.6840E-25
9.6900E-07,4.0730E-25,2.7450E-25
9.6920E-07,4.1430E-25,2.8220E-25
9.6940E-07,4.2480E-25,2.9230E-25
9.6960E-07,4.3320E-25,3.0130E-25
9.6980E-07,4.4540E-25,3.1300E-25
9.7000E-07,4.6080E-25,3.2730E-25
9.7020E-07,4.7630E-25,3.4180E-25
9.7040E-07,4.9340E-25,3.5780E-25
9.7060E-07,5.1230E-25,3.7540E-25
9.7080E-07,5.3470E-25,3.9590E-25
9.7100E-07,5.6060E-25,4.1940E-25
9.7120E-07,5.9000E-25,4.4600E-25
9.7140E-07,6.2430E-25,4.7690E-25
9.7160E-07,6.6210E-25,5.1110E-25
9.7180E-07,7.0340E-25,5.4860E-25
9.7200E-07,7.4820E-25,5.8970E-25
9.7220E-07,7.9640E-25,6.3430E-25
9.7240E-07,8.4970E-25,6.8370E-25
9.7260E-07,9.0810E-25,7.3840E-25
9.7280E-07,9.6830E-25,7.9560E-25
9.7300E-07,1.0355E-24,8.5960E-25
9.7320E-07,1.1027E-24,9.2500E-25
9.7340E-07,1.1716E-24,9.9300E-25
9.7360E-07,1.2437E-24,1.0651E-24
9.7380E-07,1.3126E-24,1.1359E-24
9.7400E-07,1.3798E-24,1.2064E-24
9.7420E-07,1.4418E-24,1.2737E-24
9.7440E-07,1.5002E-24,1.3392E-24
9.7460E-07,1.5552E-24,1.4027E-24
9.7480E-07,1.6052E-24,1.4628E-24
9.7500E-07,1.6500E-24,1.5193E-24
9.7520E-07,1.6878E-24,1.5702E-24
9.7540E-07,1.7169E-24,1.6139E-24
9.7560E-07,1.7445E-24,1.6568E-24
9.7580E-07,1.7634E-24,1.6922E-24
9.7600E-07,1.7669E-24,1.7131E-24
9.7620E-07,1.7788E-24,1.7425E-24
9.7640E-07,1.7806E-24,1.7623E-24
9.7660E-07,1.7806E-24,1.7806E-24
9.7680E-07,1.7687E-24,1.7870E-24
9.7700E-07,1.7532E-24,1.7897E-24
9.7720E-07,1.7375E-24,1.7920E-24
9.7740E-07,1.7186E-24,1.7909E-24
9.7760E-07,1.6962E-24,1.7858E-24
9.7780E-07,1.6654E-24,1.7715E-24
9.7800E-07,1.6325E-24,1.7544E-24
9.7820E-07,1.5913E-24,1.7277E-24
9.7840E-07,1.5587E-24,1.7098E-24
9.7860E-07,1.5139E-24,1.6778E-24
9.7880E-07,1.4659E-24,1.6414E-24
9.7900E-07,1.4176E-24,1.6037E-24
9.7920E-07,1.3676E-24,1.5630E-24
9.7940E-07,1.3109E-24,1.5137E-24
9.7960E-07,1.2542E-24,1.4631E-24
9.7980E-07,1.1957E-24,1.4092E-24
9.8000E-07,1.1387E-24,1.3559E-24
9.8020E-07,1.0803E-24,1.2995E-24
9.8040E-07,1.0236E-24,1.2439E-24
9.8060E-07,9.6510E-25,1.1849E-24
9.8080E-07,9.1160E-25,1.1307E-24
9.8100E-07,8.5660E-25,1.0735E-24
9.8120E-07,8.0310E-25,1.0167E-24
9.8140E-07,7.5170E-25,9.6130E-25
9.8160E-07,7.0510E-25,9.1110E-25
9.8180E-07,6.6210E-25,8.6420E-25
9.8200E-07,6.2080E-25,8.1860E-25
9.8220E-07,5.8470E-25,7.7900E-25
9.8240E-07,5.5190E-25,7.4270E-25
9.8260E-07,5.2100E-25,7.0840E-25
9.8280E-07,4.9340E-25,6.7770E-25
9.8300E-07,4.6610E-25,6.4670E-25
9.8320E-07,4.4370E-25,6.2190E-25
9.8340E-07,4.2130E-25,5.9650E-25
9.8360E-07,4.0410E-25,5.7810E-25
9.8380E-07,3.8670E-25,5.5880E-25
9.8400E-07,3.7130E-25,5.4200E-25
9.8420E-07,3.5590E-25,5.2480E-25
9.8440E-07,3.4540E-25,5.1450E-25
9.8460E-07,3.3350E-25,5.0180E-25
9.8480E-07,3.2330E-25,4.9150E-25
9.8500E-07,3.1280E-25,4.8040E-25
9.8520E-07,3.0580E-25,4.7450E-25
9.8540E-07,2.9570E-25,4.6330E-25
9.8560E-07,2.8690E-25,4.5420E-25
9.8580E-07,2.8020E-25,4.4810E-25
9.8600E-07,2.7500E-25,4.4420E-25
9.8620E-07,2.6980E-25,4.4020E-25
9.8640E-07,2.6450E-25,4.3610E-25
9.8660E-07,2.5960E-25,4.3220E-25
9.8680E-07,2.5440E-25,4.2780E-25
9.8700E-07,2.4480E-25,4.1590E-25
9.8720E-07,2.3970E-25,4.1130E-25
9.8740E-07,2.3560E-25,4.0840E-25
9.8760E-07,2.3200E-25,4.0620E-25
9.8780E-07,2.2760E-25,4.0260E-25
9.8800E-07,2.2390E-25,4.0010E-25
9.8820E-07,2.2050E-25,3.9800E-25
9.8840E-07,2.1810E-25,3.9760E-25
9.8860E-07,2.1420E-25,3.9450E-25
9.8880E-07,2.1130E-25,3.9310E-25
9.8900E-07,2.0800E-25,3.9090E-25
9.8920E-07,2.0600E-25,3.9090E-25
9.8940E-07,2.0400E-25,3.9120E-25
9.8960E-07,2.0080E-25,3.8890E-25
9.8980E-07,1.9860E-25,3.8850E-25
9.9000E-07,1.9420E-25,3.8360E-25
9.9020E-07,1.9210E-25,3.8340E-25
9.9040E-07,1.9040E-25,3.8370E-25
9.9060E-07,1.8850E-25,3.8370E-25
9.9080E-07,1.8620E-25,3.8280E-25
9.9100E-07,1.8370E-25,3.8150E-25
9.9120E-07,1.8240E-25,3.8260E-25
9.9140E-07,1.8030E-25,3.8220E-25
9.9160E-07,1.7860E-25,3.8230E-25
9.9180E-07,1.7630E-25,3.8110E-25
9.9200E-07,1.7440E-25,3.8080E-25
9.9220E-07,1.7230E-25,3.8010E-25
9.9240E-07,1.7100E-25,3.8100E-25
9.9260E-07,1.6940E-25,3.8120E-25
9.9280E-07,1.6710E-25,3.7970E-25
9.9300E-07,1.6540E-25,3.7950E-25
9.9320E-07,1.6420E-25,3.8070E-25
9.9340E-07,1.6300E-25,3.8170E-25
9.9360E-07,1.6170E-25,3.8250E-25
9.9380E-07,1.6090E-25,3.8420E-25
9.9400E-07,1.5970E-25,3.8520E-25
9.9420E-07,1.5870E-25,3.8660E-25
9.9440E-07,1.5660E-25,3.8550E-25
9.9460E-07,1.5640E-25,3.8860E-25
9.9480E-07,1.5530E-25,3.8990E-25
9.9500E-07,1.5390E-25,3.9010E-25
9.9520E-07,1.5230E-25,3.8990E-25
9.9540E-07,1.5140E-25,3.9150E-25
9.9560E-07,1.5040E-25,3.9280E-25
9.9580E-07,1.4760E-25,3.8940E-25
9.9600E-07,1.4640E-25,3.8990E-25
9.9620E-07,1.4570E-25,3.9200E-25
9.9640E-07,1.4470E-25,3.9330E-25
9.9660E-07,1.4400E-25,3.9510E-25
9.9680E-07,1.4350E-25,3.9770E-25
9.9700E-07,1.4250E-25,3.9890E-25
9.9720E-07,1.4160E-25,4.0020E-25
9.9740E-07,1.4120E-25,4.0300E-25
9.9760E-07,1.4020E-25,4.0420E-25
9.9780E-07,1.3940E-25,4.0600E-25
9.9800E-07,1.3840E-25,4.0690E-25
9.9820E-07,1.3810E-25,4.1010E-25
9.9840E-07,1.3700E-25,4.1100E-25
9.9860E-07,1.3650E-25,4.1360E-25
9.9880E-07,1.3590E-25,4.1560E-25
9.9900E-07,1.3530E-25,4.1790E-25
9.9920E-07,1.3450E-25,4.1970E-25
9.9940E-07,1.3380E-25,4.2170E-25
9.9960E-07,1.3310E-25,4.2340E-25
9.9980E-07,1.3280E-25,4.2670E-25
1.0000E-06,1.3240E-25,4.2960E-25
1.0002E-06,1.3140E-25,4.3070E-25
1.0004E-06,1.3080E-25,4.3270E-25
1.0006E-06,1.3050E-25,4.3600E-25
1.0008E-06,1.2970E-25,4.3770E-25
1.0010E-06,1.2900E-25,4.3970E-25
1.0012E-06,1.2820E-25,4.4110E-25
1.0014E-06,1.2770E-25,4.4380E-25
1.0016E-06,1.2670E-25,4.4470E-25
1.0018E-06,1.2710E-25,4.5050E-25
1.0020E-06,1.2620E-25,4.5180E-25
1.0022E-06,1.2540E-25,4.5310E-25
1.0024E-06,1.2530E-25,4.5720E-25
1.0026E-06,1.2470E-25,4.5960E-25
1.0028E-06,1.2430E-25,4.6270E-25
1.0030E-06,1.2300E-25,4.6250E-25
1.0032E-06,1.2180E-25,4.6220E-25
1.0034E-06,1.2120E-25,4.6460E-25
1.0036E-06,1.1990E-25,4.6420E-25
1.0038E-06,1.1970E-25,4.6770E-25
1.0040E-06,1.1900E-25,4.6960E-25
1.0042E-06,1.1860E-25,4.7260E-25
1.0044E-06,1.1810E-25,4.7530E-25
1.0046E-06,1.1730E-25,4.7680E-25
1.0048E-06,1.1660E-25,4.7830E-25
1.0050E-06,1.1630E-25,4.8180E-25
1.0052E-06,1.1600E-25,4.8530E-25
1.0054E-06,1.1560E-25,4.8850E-25
1.0056E-06,1.1510E-25,4.9120E-25
1.0058E-06,1.1430E-25,4.9220E-25
1.0060E-06,1.1460E-25,4.9870E-25
1.0062E-06,1.1430E-25,5.0190E-25
1.0064E-06,1.1390E-25,5.0500E-25
1.0066E-06,1.1350E-25,5.0820E-25
1.0068E-06,1.1320E-25,5.1190E-25
1.0070E-06,1.1280E-25,5.1510E-25
1.0072E-06,1.1220E-25,5.1750E-25
1.0074E-06,1.1160E-25,5.1940E-25
1.0076E-06,1.1140E-25,5.2350E-25
1.0078E-06,1.1100E-25,5.2680E-25
1.0080E-06,1.1050E-25,5.2960E-25
1.0082E-06,1.1090E-25,5.3660E-25
1.0084E-06,1.1070E-25,5.4090E-25
1.0086E-06,1.1070E-25,5.4610E-25
1.0088E-06,1.1010E-25,5.4850E-25
1.0090E-06,1.1000E-25,5.5340E-25
1.0092E-06,1.0960E-25,5.5680E-25
1.0094E-06,1.0910E-25,5.5970E-25
1.0096E-06,1.0910E-25,5.6510E-25
1.0098E-06,1.0890E-25,5.6910E-25
1.0100E-06,1.0830E-25,5.7150E-25
1.0102E-06,1.0850E-25,5.7810E-25
1.0104E-06,1.0840E-25,5.8310E-25
1.0106E-06,1.0830E-25,5.8830E-25
1.0108E-06,1.0740E-25,5.8920E-25
1.0110E-06,1.0700E-25,5.9270E-25
1.0112E-06,1.0720E-25,5.9950E-25
1.0114E-06,1.0670E-25,6.0260E-25
1.0116E-06,1.0690E-25,6.0950E-25
1.0118E-06,1.0650E-25,6.1320E-25
1.0120E-06,1.0630E-25,6.1740E-25
1.0122E-06,1.0630E-25,6.2340E-25
1.0124E-06,1.0660E-25,6.3110E-25
1.0126E-06,1.0630E-25,6.3540E-25
1.0128E-06,1.0610E-25,6.4040E-25
1.0130E-06,1.0590E-25,6.4540E-25
1.0132E-06,1.0510E-25,6.4680E-25
1.0134E-06,1.0460E-25,6.5000E-25
1.0136E-06,1.0430E-25,6.5450E-25
1.0138E-06,1.0370E-25,6.5650E-25
1.0140E-06,1.0330E-25,6.6030E-25
1.0142E-06,1.0300E-25,6.6480E-25
1.0144E-06,1.0300E-25,6.7120E-25
1.0146E-06,1.0270E-25,6.7570E-25
1.0148E-06,1.0240E-25,6.8030E-25
1.0150E-06,1.0200E-25,6.8420E-25
1.0152E-06,1.0220E-25,6.9210E-25
1.0154E-06,1.0150E-25,6.9410E-25
1.0156E-06,1.0070E-25,6.9470E-25
1.0158E-06,1.0070E-25,7.0140E-25
1.0160E-06,1.0010E-25,7.0400E-25
1.0162E-06,9.9400E-26,7.0590E-25
1.0164E-06,9.9700E-26,7.1480E-25
1.0166E-06,9.8900E-26,7.1600E-25
1.0168E-06,9.8500E-26,7.2000E-25
1.0170E-06,9.7900E-26,7.2190E-25
1.0172E-06,9.7000E-26,7.2230E-25
1.0174E-06,9.6500E-26,7.2560E-25
1.0176E-06,9.5500E-26,7.2520E-25
1.0178E-06,9.5500E-26,7.3140E-25
1.0180E-06,9.4400E-26,7.3010E-25
1.0182E-06,9.4600E-26,7.3860E-25
1.0184E-06,9.3900E-26,7.4030E-25
1.0186E-06,9.3300E-26,7.4280E-25
1.0188E-06,9.3100E-26,7.4830E-25
1.0190E-06,9.2400E-26,7.4910E-25
1.0192E-06,9.1800E-26,7.5160E-25
1.0194E-06,9.1000E-26,7.5230E-25
1.0196E-06,9.0500E-26,7.5540E-25
1.0198E-06,9.0100E-26,7.5930E-25
1.0200E-06,8.9000E-26,7.5670E-25
1.0202E-06,8.8800E-26,7.6220E-25
1.0204E-06,8.8500E-26,7.6690E-25
1.0206E-06,8.7600E-26,7.6660E-25
1.0208E-06,8.6400E-26,7.6280E-25
1.0210E-06,8.5900E-26,7.6610E-25
1.0212E-06,8.5100E-26,7.6560E-25
1.0214E-06,8.4700E-26,7.6950E-25
1.0216E-06,8.4400E-26,7.7420E-25
1.0218E-06,8.3700E-26,7.7480E-25
1.0220E-06,8.2800E-26,7.7400E-25
1.0222E-06,8.2300E-26,7.7580E-25
1.0224E-06,8.2000E-26,7.8110E-25
1.0226E-06,8.1500E-26,7.8360E-25
1.0228E-06,8.0800E-26,7.8400E-25
1.0230E-06,7.9600E-26,7.8000E-25
1.0232E-06,7.9200E-26,7.8310E-25
1.0234E-06,7.8500E-26,7.8320E-25
1.0236E-06,7.7800E-26,7.8400E-25
1.0238E-06,7.7100E-26,7.8410E-25
1.0240E-06,7.6700E-26,7.8700E-25
1.0242E-06,7.5800E-26,7.8540E-25
1.0244E-06,7.5100E-26,7.8520E-25
1.0246E-06,7.4600E-26,7.8720E-25
1.0248E-06,7.4000E-26,7.8850E-25
1.0250E-06,7.3400E-26,7.8890E-25
1.0252E-06,7.2500E-26,7.8680E-25
1.0254E-06,7.1900E-26,7.8790E-25
1.0256E-06,7.1000E-26,7.8570E-25
1.0258E-06,7.0500E-26,7.8740E-25
1.0260E-06,7.0300E-26,7.9230E-25
1.0262E-06,6.9400E-26,7.8900E-25
1.0264E-06,6.9000E-26,7.9230E-25
1.0266E-06,6.8500E-26,7.9380E-25
1.0268E-06,6.8100E-26,7.9710E-25
1.0270E-06,6.6800E-26,7.8910E-25
1.0272E-06,6.6300E-26,7.9050E-25
1.0274E-06,6.5500E-26,7.8800E-25
1.0276E-06,6.5000E-26,7.8950E-25
1.0278E-06,6.4300E-26,7.8860E-25
1.0280E-06,6.3600E-26,7.8640E-25
1.0282E-06,6.2800E-26,7.8410E-25
1.0284E-06,6.2000E-26,7.8170E-25
1.0286E-06,6.1400E-26,7.8040E-25
1.0288E-06,6.0600E-26,7.7780E-25
1.0290E-06,5.9900E-26,7.7630E-25
1.0292E-06,5.9400E-26,7.7720E-25
1.0294E-06,5.8600E-26,7.7300E-25
1.0296E-06,5.8000E-26,7.7250E-25
1.0298E-06,5.7200E-26,7.6930E-25
1.0300E-06,5.6200E-26,7.6340E-25
1.0302E-06,5.5900E-26,7.6510E-25
1.0304E-06,5.5200E-26,7.6280E-25
1.0306E-06,5.4500E-26,7.6060E-25
1.0308E-06,5.3800E-26,7.5810E-25
1.0310E-06,5.3200E-26,7.5570E-25
1.0312E-06,5.2500E-26,7.5330E-25
1.0314E-06,5.1800E-26,7.5060E-25
1.0316E-06,5.1200E-26,7.4790E-25
1.0318E-06,5.0500E-26,7.4520E-25
1.0320E-06,4.9900E-26,7.4240E-25
1.0322E-06,4.9200E-26,7.3980E-25
1.0324E-06,4.8600E-26,7.3690E-25
1.0326E-06,4.8000E-26,7.3420E-25
1.0328E-06,4.7400E-26,7.3150E-25
1.0330E-06,4.6700E-26,7.2850E-25
1.0332E-06,4.6100E-26,7.2550E-25
1.0334E-06,4.5500E-26,7.2210E-25
1.0336E-06,4.4800E-26,7.1870E-25
1.0338E-06,4.4200E-26,7.1510E-25
1.0340E-06,4.3600E-26,7.1190E-25
1.0342E-06,4.3000E-26,7.0850E-25
1.0344E-06,4.2400E-26,7.0520E-25
1.0346E-06,4.1800E-26,7.0190E-25
1.0348E-06,4.1300E-26,6.9850E-25
1.0350E-06,4.0700E-26,6.9520E-25
1.0352E-06,4.0100E-26,6.9160E-25
1.0354E-06,3.9500E-26,6.8810E-25
1.0356E-06,3.9000E-26,6.8470E-25
1.0358E-06,3.8400E-26,6.8130E-25
1.0360E-06,3.7900E-26,6.7790E-25
1.0362E-06,3.7400E-26,6.7470E-25
1.0364E-06,3.6800E-26,6.7140E-25
1.0366E-06,3.6300E-26,6.6820E-25
1.0368E-06,3.5800E-26,6.6490E-25
1.0370E-06,3.5300E-26,6.6180E-25
1.0372E-06,3.4900E-26,6.5870E-25
1.0374E-06,3.4400E-26,6.5550E-25
1.0376E-06,3.3900E-26,6.5220E-25
1.0378E-06,3.3400E-26,6.4890E-25
1.0380E-06,3.2900E-26,6.4570E-25
1.0382E-06,3.2500E-26,6.4220E-25
1.0384E-06,3.2000E-26,6.3880E-25
1.0386E-06,3.1500E-26,6.3530E-25
1.0388E-06,3.1100E-26,6.3190E-25
1.0390E-06,3.0600E-26,6.2840E-25
1.0392E-06,3.0200E-26,6.2500E-25
1.0394E-06,2.9800E-26,6.2200E-25
1.0396E-06,2.9300E-26,6.1870E-25
1.0398E-06,2.8900E-26,6.1530E-25
1.0400E-06,2.8500E-26,6.1190E-25
1.0402E-06,2.8100E-26,6.0860E-25
1.0404E-06,2.7700E-26,6.0510E-25
1.0406E-06,2.7300E-26,6.0170E-25
1.0408E-06,2.6900E-26,5.9830E-25
1.0410E-06,2.6500E-26,5.9510E-25
1.0412E-06,2.6100E-26,5.9210E-25
1.0414E-06,2.5700E-26,5.8900E-25
1.0416E-06,2.5400E-26,5.8600E-25
1.0418E-06,2.5000E-26,5.8320E-25
1.0420E-06,2.4700E-26,5.8020E-25
1.0422E-06,2.4300E-26,5.7700E-25
1.0424E-06,2.4000E-26,5.7390E-25
1.0426E-06,2.3600E-26,5.7110E-25
1.0428E-06,2.3300E-26,5.6840E-25
1.0430E-06,2.3000E-26,5.6580E-25
1.0432E-06,2.2700E-26,5.6350E-25
1.0434E-06,2.2400E-26,5.6120E-25
1.0436E-06,2.2100E-26,5.5880E-25
1.0438E-06,2.1800E-26,5.5630E-25
1.0440E-06,2.1500E-26,5.5390E-25
1.0442E-06,2.1200E-26,5.5150E-25
1.0444E-06,2.0900E-26,5.4870E-25
1.0446E-06,2.0700E-26,5.4610E-25
1.0448E-06,2.0400E-26,5.4370E-25
1.0450E-06,2.0100E-26,5.4120E-25
1.0452E-06,1.9800E-26,5.3860E-25
1.0454E-06,1.9600E-26,5.3580E-25
1.0456E-06,1.9300E-26,5.3300E-25
1.0458E-06,1.9000E-26,5.3030E-25
1.0460E-06,1.8700E-26,5.2740E-25
1.0462E-06,1.8500E-26,5.2460E-25
1.0464E-06,1.8200E-26,5.2200E-25
1.0466E-06,1.8000E-26,5.1960E-25
1.0468E-06,1.7700E-26,5.1700E-25
1.0470E-06,1.7500E-26,5.1420E-25
1.0472E-06,1.7200E-26,5.1150E-25
1.0474E-06,1.7000E-26,5.0870E-25
1.0476E-06,1.6700E-26,5.0580E-25
1.0478E-06,1.6500E-26,5.0300E-25
1.0480E-06,1.6300E-26,5.0060E-25
1.0482E-06,1.6000E-26,4.9800E-25
1.0484E-06,1.5800E-26,4.9560E-25
1.0486E-06,1.5600E-26,4.9350E-25
1.0488E-06,1.5400E-26,4.9160E-25
1.0490E-06,1.5200E-26,4.8940E-25
1.0492E-06,1.5000E-26,4.8750E-25
1.0494E-06,1.4800E-26,4.8550E-25
1.0496E-06,1.4600E-26,4.8400E-25
1.0498E-06,1.4500E-26,4.8230E-25
1.0500E-06,1.4300E-26,4.8060E-25
1.0502E-06,1.4100E-26,4.7910E-25
1.0504E-06,1.3900E-26,4.7740E-25
1.0506E-06,1.3800E-26,4.7600E-25
1.0508E-06,1.3600E-26,4.7470E-25
1.0510E-06,1.3400E-26,4.7310E-25
1.0512E-06,1.3300E-26,4.7170E-25
1.0514E-06,1.3100E-26,4.7020E-25
1.0516E-06,1.3000E-26,4.6910E-25
1.0518E-06,1.2800E-26,4.6780E-25
1.0520E-06,1.2700E-26,4.6660E-25
1.0522E-06,1.2500E-26,4.6510E-25
1.0524E-06,1.2400E-26,4.6400E-25
1.0526E-06,1.2200E-26,4.6270E-25
1.0528E-06,1.2100E-26,4.6150E-25
1.0530E-06,1.2000E-26,4.5970E-25
1.0532E-06,1.1800E-26,4.5850E-25
1.0534E-06,1.1700E-26,4.5660E-25
1.0536E-06,1.1500E-26,4.5520E-25
1.0538E-06,1.1400E-26,4.5370E-25
1.0540E-06,1.1300E-26,4.5270E-25
1.0542E-06,1.1100E-26,4.5170E-25
1.0544E-06,1.1000E-26,4.5060E-25
1.0546E-06,1.0900E-26,4.4940E-25
1.0548E-06,1.0800E-26,4.4820E-25
1.0550E-06,1.0600E-26,4.4700E-25
1.0552E-06,1.0500E-26,4.4570E-25
1.0554E-06,1.0400E-26,4.4490E-25
1.0556E-06,1.0300E-26,4.4400E-25
1.0558E-06,1.0200E-26,4.4250E-25
1.0560E-06,1.0100E-26,4.4160E-25
1.0562E-06,9.9000E-27,4.4060E-25
1.0564E-06,9.8000E-27,4.3950E-25
1.0566E-06,9.7000E-27,4.3840E-25
1.0568E-06,9.6000E-27,4.3720E-25
1.0570E-06,9.5000E-27,4.3600E-25
1.0572E-06,9.4000E-27,4.3540E-25
1.0574E-06,9.3000E-27,4.3470E-25
1.0576E-06,9.2000E-27,4.3400E-25
1.0578E-06,9.1000E-27,4.3320E-25
1.0580E-06,9.0000E-27,4.3170E-25
1.0582E-06,8.9000E-27,4.3010E-25
1.0584E-06,8.8000E-27,4.2920E-25
1.0586E-06,8.7000E-27,4.2820E-25
1.0588E-06,8.6000E-27,4.2720E-25
1.0590E-06,8.5000E-27,4.2610E-25
1.0592E-06,8.4000E-27,4.2490E-25
1.0594E-06,8.3000E-27,4.2370E-25
1.0596E-06,8.2000E-27,4.2240E-25
1.0598E-06,8.1000E-27,4.2110E-25
1.0600E-06,8.0000E-27,4.1980E-25
1.0602E-06,7.9000E-27,4.1830E-25
1.0604E-06,7.8000E-27,4.1680E-25
1.0606E-06,7.7000E-27,4.1600E-25
1.0608E-06,7.7000E-27,4.1520E-25
1.0610E-06,7.6000E-27,4.1430E-25
1.0612E-06,7.5000E-27,4.1330E-25
1.0614E-06,7.4000E-27,4.1230E-25
1.0616E-06,7.3000E-27,4.1050E-25
1.0618E-06,7.2000E-27,4.0940E-25
1.0620E-06,7.1000E-27,4.0820E-25
1.0622E-06,7.1000E-27,4.0780E-25
1.0624E-06,7.0000E-27,4.0650E-25
1.0626E-06,6.9000E-27,4.0520E-25
1.0628E-06,6.8000E-27,4.0380E-25
1.0630E-06,6.8000E-27,4.0320E-25
1.0632E-06,6.7000E-27,4.0170E-25
1.0634E-06,6.6000E-27,4.0020E-25
1.0636E-06,6.5000E-27,3.9950E-25
1.0638E-06,6.5000E-27,3.9870E-25
1.0640E-06,6.4000E-27,3.9780E-25
1.0642E-06,6.3000E-27,3.9690E-25
1.0644E-06,6.2000E-27,3.9600E-25
1.0646E-06,6.2000E-27,3.9500E-25
1.0648E-06,6.1000E-27,3.9400E-25
1.0650E-06,6.0000E-27,3.9200E-25
1.0652E-06,6.0000E-27,3.9090E-25
1.0654E-06,5.9000E-27,3.8970E-25
1.0656E-06,5.8000E-27,3.8850E-25
1.0658E-06,5.7000E-27,3.8720E-25
1.0660E-06,5.7000E-27,3.8580E-25
1.0662E-06,5.6000E-27,3.8440E-25
1.0664E-06,5.5000E-27,3.8300E-25
1.0666E-06,5.5000E-27,3.8240E-25
1.0668E-06,5.4000E-27,3.8190E-25
1.0670E-06,5.4000E-27,3.8030E-25
1.0672E-06,5.3000E-27,3.7860E-25
1.0674E-06,5.2000E-27,3.7790E-25
1.0676E-06,5.2000E-27,3.7710E-25
1.0678E-06,5.1000E-27,3.7630E-25
1.0680E-06,5.1000E-27,3.7440E-25
1.0682E-06,5.0000E-27,3.7250E-25
1.0684E-06,4.9000E-27,3.7150E-25
1.0686E-06,4.9000E-27,3.7050E-25
1.0688E-06,4.8000E-27,3.6950E-25
1.0690E-06,4.8000E-27,3.6840E-25
1.0692E-06,4.7000E-27,3.6840E-25
1.0694E-06,4.7000E-27,3.6720E-25
1.0696E-06,4.6000E-27,3.6590E-25
1.0698E-06,4.6000E-27,3.6470E-25
1.0700E-06,4.5000E-27,3.6330E-25
1.0702E-06,4.4000E-27,3.6200E-25
1.0704E-06,4.4000E-27,3.6050E-25
1.0706E-06,4.3000E-27,3.5900E-25
1.0708E-06,4.3000E-27,3.5750E-25
1.0710E-06,4.2000E-27,3.5590E-25
1.0712E-06,4.2000E-27,3.5540E-25
1.0714E-06,4.1000E-27,3.5490E-25
1.0716E-06,4.1000E-27,3.5320E-25
1.0718E-06,4.0000E-27,3.5140E-25
1.0720E-06,4.0000E-27,3.4960E-25
1.0722E-06,3.9000E-27,3.4890E-25
1.0724E-06,3.9000E-27,3.4810E-25
1.0726E-06,3.8000E-27,3.4610E-25
1.0728E-06,3.8000E-27,3.4410E-25
1.0730E-06,3.7000E-27,3.4190E-25
1.0732E-06,3.7000E-27,3.3970E-25
1.0734E-06,3.6000E-27,3.3750E-25
1.0736E-06,3.6000E-27,3.3640E-25
1.0738E-06,3.5000E-27,3.3540E-25
1.0740E-06,3.5000E-27,3.3430E-25
1.0742E-06,3.4000E-27,3.3310E-25
1.0744E-06,3.4000E-27,3.3190E-25
1.0746E-06,3.4000E-27,3.3070E-25
1.0748E-06,3.3000E-27,3.2940E-25
1.0750E-06,3.3000E-27,3.2800E-25
1.0752E-06,3.2000E-27,3.2660E-25
1.0754E-06,3.2000E-27,3.2380E-25
1.0756E-06,3.1000E-27,3.2090E-25
1.0758E-06,3.1000E-27,3.1930E-25
1.0760E-06,3.0000E-27,3.1770E-25
1.0762E-06,3.0000E-27,3.1610E-25
1.0764E-06,3.0000E-27,3.1430E-25
1.0766E-06,2.9000E-27,3.1260E-25
1.0768E-06,2.9000E-27,3.1220E-25
1.0770E-06,2.9000E-27,3.1190E-25
1.0772E-06,2.8000E-27,3.1000E-25
1.0774E-06,2.8000E-27,3.0800E-25
1.0776E-06,2.7000E-27,3.0600E-25
1.0778E-06,2.7000E-27,3.0390E-25
1.0780E-06,2.7000E-27,3.0180E-25
1.0782E-06,2.6000E-27,2.9960E-25
1.0784E-06,2.6000E-27,2.9730E-25
1.0786E-06,2.5000E-27,2.9500E-25
1.0788E-06,2.5000E-27,2.9270E-25
1.0790E-06,2.5000E-27,2.9020E-25
1.0792E-06,2.4000E-27,2.8770E-25
1.0794E-06,2.4000E-27,2.8510E-25
1.0796E-06,2.3000E-27,2.8420E-25
1.0798E-06,2.3000E-27,2.8320E-25
1.0800E-06,2.3000E-27,2.8220E-25
1.0802E-06,2.3000E-27,2.8110E-25
1.0804E-06,2.2000E-27,2.8000E-25
1.0806E-06,2.2000E-27,2.7710E-25
1.0808E-06,2.1000E-27,2.7420E-25
1.0810E-06,2.1000E-27,2.7110E-25
1.0812E-06,2.1000E-27,2.6800E-25
1.0814E-06,2.0000E-27,2.6670E-25
1.0816E-06,2.0000E-27,2.6520E-25
1.0818E-06,2.0000E-27,2.6380E-25
1.0820E-06,2.0000E-27,2.6230E-25
1.0822E-06,1.9000E-27,2.6080E-25
1.0824E-06,1.9000E-27,2.5920E-25
1.0826E-06,1.9000E-27,2.5940E-25
1.0828E-06,1.9000E-27,2.5970E-25
1.0830E-06,1.9000E-27,2.5990E-25
1.0832E-06,1.8000E-27,2.5820E-25
1.0834E-06,1.8000E-27,2.5640E-25
1.0836E-06,1.8000E-27,2.5460E-25
1.0838E-06,1.7000E-27,2.5280E-25
1.0840E-06,1.7000E-27,2.5080E-25
1.0842E-06,1.7000E-27,2.4890E-25
1.0844E-06,1.7000E-27,2.4680E-25
1.0846E-06,1.6000E-27,2.4270E-25
1.0848E-06,1.6000E-27,2.4050E-25
1.0850E-06,1.6000E-27,2.3830E-25
1.0852E-06,1.5000E-27,2.3610E-25
1.0854E-06,1.5000E-27,2.3380E-25
1.0856E-06,1.5000E-27,2.3140E-25
1.0858E-06,1.5000E-27,2.2900E-25
1.0860E-06,1.4000E-27,2.2650E-25
1.0862E-06,1.4000E-27,2.2390E-25
1.0864E-06,1.4000E-27,2.2130E-25
1.0866E-06,1.3000E-27,2.1870E-25
1.0868E-06,1.3000E-27,2.1600E-25
1.0870E-06,1.3000E-27,2.1320E-25
1.0872E-06,1.3000E-27,2.1030E-25
1.0874E-06,1.2000E-27,2.0980E-25
1.0876E-06,1.2000E-27,2.0920E-25
1.0878E-06,1.2000E-27,2.0850E-25
1.0880E-06,1.2000E-27,2.0550E-25
1.0882E-06,1.2000E-27,2.0240E-25
1.0884E-06,1.1000E-27,1.9920E-25
1.0886E-06,1.1000E-27,1.9600E-25
1.0888E-06,1.1000E-27,1.9510E-25
1.0890E-06,1.1000E-27,1.9430E-25
1.0892E-06,1.1000E-27,1.9340E-25
1.0894E-06,1.1000E-27,1.9250E-25
1.0896E-06,1.0000E-27,1.9150E-25
1.0898E-06,1.0000E-27,1.9050E-25
1.0900E-06,1.0000E-27,1.8950E-25
1.0902E-06,1.0000E-27,1.8850E-25
1.0904E-06,1.0000E-27,1.8740E-25
1.0906E-06,1.0000E-27,1.8630E-25
1.0908E-06,9.0000E-28,1.8250E-25
1.0910E-06,9.0000E-28,1.7860E-25
1.0912E-06,9.0000E-28,1.7460E-25
1.0914E-06,9.0000E-28,1.7050E-25
1.0916E-06,8.0000E-28,1.6640E-25
1.0918E-06,8.0000E-28,1.6220E-25
1.0920E-06,8.0000E-28,1.5790E-25
1.0922E-06,8.0000E-28,1.5630E-25
1.0924E-06,7.0000E-28,1.5480E-25
1.0926E-06,7.0000E-28,1.5320E-25
1.0928E-06,7.0000E-28,1.5150E-25
1.0930E-06,7.0000E-28,1.4980E-25
1.0932E-06,7.0000E-28,1.4810E-25
1.0934E-06,7.0000E-28,1.4630E-25
1.0936E-06,7.0000E-28,1.4450E-25
1.0938E-06,7.0000E-28,1.4270E-25
1.0940E-06,6.0000E-28,1.4080E-25
1.0942E-06,6.0000E-28,1.3890E-25
1.0944E-06,6.0000E-28,1.3690E-25
1.0946E-06,6.0000E-28,1.3490E-25
1.0948E-06,6.0000E-28,1.3290E-25
1.0950E-06,6.0000E-28,1.3390E-25
1.0952E-06,6.0000E-28,1.3500E-25
1.0954E-06,6.0000E-28,1.3620E-25
1.0956E-06,6.0000E-28,1.3400E-25
1.0958E-06,6.0000E-28,1.3180E-25
1.0960E-06,5.0000E-28,1.2960E-25
1.0962E-06,5.0000E-28,1.2730E-25
1.0964E-06,5.0000E-28,1.2500E-25
1.0966E-06,5.0000E-28,1.2260E-25
1.0968E-06,5.0000E-28,1.2020E-25
1.0970E-06,5.0000E-28,1.1770E-25
1.0972E-06,5.0000E-28,1.1510E-25
1.0974E-06,4.0000E-28,1.1260E-25
1.0976E-06,4.0000E-28,1.1000E-25
1.0978E-06,4.0000E-28,1.0730E-25
1.0980E-06,4.0000E-28,1.0450E-25
1.0982E-06,4.0000E-28,1.0180E-25
1.0984E-06,4.0000E-28,9.8900E-26
1.0986E-06,4.0000E-28,9.6100E-26
1.0988E-06,3.0000E-28,9.3100E-26
1.0990E-06,3.0000E-28,9.0100E-26
1.0992E-06,3.0000E-28,8.7100E-26
1.0994E-06,3.0000E-28,8.4000E-26
1.0996E-06,3.0000E-28,8.0800E-26
1.0998E-06,3.0000E-28,8.1500E-26
1.1000E-06,3.0000E-28,8.2100E-26